Model,Feature Selection Method,ACC,AUC,MCC,F1,Number of Features,Time,MeasuringFS
RandomForest,U-test,0.6296875,0.6262181010335168,0.2567845208895413,0.6591248995248862,10,555.2341554164886,-512.0
RandomForest,U-test,0.6215625,0.6183812421520333,0.24018051889175449,0.652559805251326,5,681.0247414112091,-512.0
