Model,Feature Selection Method,ACC,AUC,MCC,F1,Number of Features,Time,MeasuringFS,
RandomForest,Mrmr,0.5890625,0.5865987636433884,0.18142924235059182,0.6014246665489609,100,30619.677407741547,0,100
RandomForest,Mrmr,0.5803125,0.5776068772336521,0.16204860915973285,0.5948358105376625,5,2154.814202308655,0,
RandomForest,Mrmr,0.5984375,0.5964702018738529,0.2010386735073296,0.6106647785941014,10,3626.7691626548767,0,
RandomForest,Mrmr,0.58875,0.5863802762484304,0.18200479067585104,0.5981548060441333,20,6610.870060443878,0,
RandomForest,Mrmr,0.6378125,0.6343490775620594,0.2732498895972647,0.6678999885972752,5,2152.67987203598,0,200
