Model,Feature Selection Method,ACC,AUC,MCC,F1,Number of Features,Time,MeasuringFS
RandomForest,U-test,0.6296875,0.6262181010335168,0.2567845208895413,0.6591248995248862,10,555.2341554164886,-512.0
RandomForest,U-test,0.6215625,0.6183812421520333,0.24018051889175449,0.652559805251326,5,681.0247414112091,-512.0
RandomForest,U-test,0.6278125,0.6249363469525742,0.25265192522817403,0.6550906183981007,20,527.9739081859589,-512.0
RandomForest,U-test,0.6275,0.6242638848642906,0.2507673056323446,0.6584414298612272,40,529.6527814865112,-512.0
RandomForest,U-test,0.635,0.632079783637593,0.26730088405705754,0.6619737459189675,60,530.2195649147034,-512.0
RandomForest,U-test,0.6184375,0.6153999806819279,0.23320398236137094,0.6474964644026707,80,519.4854700565338,-512.0
RandomForest,U-test,0.635,0.6318528928812904,0.26763127170274825,0.663256566484534,100,548.7441096305847,-512.0
RandomForest,U-test,0.6296875,0.6262407997681833,0.25532178823439905,0.6600813835228836,120,554.0985844135284,-512.0
RandomForest,U-test,0.6296875,0.6267454844006568,0.2570275403071924,0.6584480221655374,140,550.0587148666382,-512.0
