Model,Feature Selection Method,ACC,AUC,MCC,F1,Number of Features,Time,MeasuringFS
RandomForest,U-test,0.5453125,0.5412457258765575,0.0843506062803712,0.5841703422537491,5,1079.0931584835052,-512.0
RandomForest,U-test,0.565,0.5625791558002511,0.12605318653213746,0.5943332833369219,10,712.9686372280121,-512.0
RandomForest,U-test,0.56875,0.5659341253742877,0.13317503151254034,0.5981082923728209,20,723.1427059173584,-512.0
RandomForest,U-test,0.59,0.588245532695837,0.17841657124750662,0.6134382445051885,40,719.1413021087646,-512.0
RandomForest,U-test,0.5928125,0.5910846131556071,0.18383570184743006,0.6176307020713012,60,721.6920297145844,-512.0
RandomForest,U-test,0.6034375,0.6019389548923018,0.20578995484710805,0.6263031554279488,80,1178.0896472930908,-512.0
RandomForest,U-test,0.606875,0.6053226118033419,0.21177453067993024,0.6292095974466736,100,745.4865028858185,-512.0
RandomForest,U-test,0.609375,0.6081339708297112,0.2183799916153667,0.6305994406150743,120,684.2557237148285,-512.0
RandomForest,U-test,0.6103125,0.608410605621559,0.2194587454546102,0.6327008582663899,140,681.4079508781433,-512.0
