Model,Feature Selection Method,ACC,AUC,MCC,F1,Number of Features,Time,MeasuringFS
RandomForest,U-test,0.5453125,0.5412457258765575,0.0843506062803712,0.5841703422537491,5,1079.0931584835052,-512.0
