Model,Feature Selection Method,ACC,AUC,MCC,F1,Number of Features,Time,MeasuringFS
RandomForest,ReliefF,0.56875,0.5653727422003284,0.13247338381531296,0.6036397741024797,10,396.2100872993469,-2.0
RandomForest,ReliefF,0.588125,0.585927364049068,0.17389004668363853,0.6150501308008068,20,348.5840630531311,-2.0
RandomForest,ReliefF,0.5853125,0.5821452719018643,0.16601327697835142,0.6174252080454152,40,214.56382966041565,-512.0
RandomForest,ReliefF,0.5984375,0.5951368685405197,0.19266025035292336,0.6296352579014193,60,204.41451334953308,-512.0
RandomForest,ReliefF,0.6121875,0.6101199652274703,0.22194850067469551,0.638031181193884,80,210.90496444702148,-512.0
RandomForest,ReliefF,0.6053125,0.6030703177822854,0.20857345040766428,0.6314889691694496,100,173.01085782051086,-512.0
