Model,Feature Selection Method,ACC,AUC,MCC,F1,Number of Features,Time,MeasuringFS
RandomForest,Mrmr,0.5890625,0.5865987636433884,0.18142924235059182,0.6014246665489609,100,30619.677407741547,0
RandomForest,Mrmr,0.5803125,0.5776068772336521,0.16204860915973285,0.5948358105376625,5,2154.814202308655,0
RandomForest,Mrmr,0.5984375,0.5964702018738529,0.2010386735073296,0.6106647785941014,10,3626.7691626548767,0
RandomForest,Mrmr,0.58875,0.5863802762484304,0.18200479067585104,0.5981548060441333,20,6610.870060443878,0
RandomForest,Mrmr,0.6378125,0.6343490775620594,0.2732498895972647,0.6678999885972752,5,2152.67987203598,0
RandomForest,Mrmr,0.634375,0.6309777842171351,0.26530654523389363,0.6634405077764259,20,6271.877703428268,0
RandomForest,Mrmr,0.64125,0.6381896068772338,0.2795515082306967,0.6691704995127629,10,3365.754107952118,0
RandomForest,Mrmr,0.6396875,0.6356975755819569,0.27677208988506186,0.6724939235589811,40,11685.010918855667,0
