Model,Feature Selection Method,ACC,AUC,MCC,F1,Number of Features,Time,MeasuringFS
RandomForest,U-test,0.595625,0.5896922631121414,0.1834588692092719,0.6409370582383257,5,514.0188810825348,-2.0
RandomForest,U-test,0.5834375,0.5774692359702501,0.15977409584931285,0.6279682954051209,10,550.6507501602173,-2.0
RandomForest,U-test,0.600625,0.594670916642519,0.19475861315684476,0.6438768228730225,20,585.4057793617249,-2.0
RandomForest,U-test,0.5809375,0.57509243697479,0.15418745074540857,0.6266550429911006,40,610.0802500247955,-2.0
RandomForest,U-test,0.5815625,0.5749150970733121,0.15491918685191347,0.6308263700439634,60,549.1884837150574,-2.0
RandomForest,U-test,0.588125,0.5823385492127886,0.16987657707197126,0.6334834391799934,80,560.7525568008423,-2.0
RandomForest,U-test,0.5915625,0.5863854921278857,0.17582394863316989,0.6327167946856675,100,514.8758964538574,-2.0
RandomForest,U-test,0.5959375,0.5898610064715542,0.18465141832951204,0.6402261988384013,120,526.9911117553711,-2.0
RandomForest,U-test,0.59125,0.5855457355355935,0.17436228718758354,0.6353478744899028,140,509.38337326049805,-2.0
