Model,Feature Selection Method,ACC,AUC,MCC,F1,Number of Features,Time,MeasuringFS
RandomForest,U-test,0.5927966848880268,0.5906077097505668,0.181785027433456,0.6196325060586483,100,696.6066727638245,-426.6666666666667
RandomForest,U-test,0.61625,0.6147019221481695,0.23188165692267979,0.6377853046018512,100,1165.937950849533,-512.0
RandomForest,U-test,0.5953125,0.5935252100840337,0.18967100334547507,0.6175455911677901,100,2483.5850355625153,-576.0
